USE BDProjekt 
GO

INSERT INTO REPREZENTACJA (IDREPREZENTACJA,NAZWA) VALUES
	(1,'Polska'),
	(2,'Meksyk'),
	(3,'Argentyna'),
	(4,'Arabia Saudyjska')
GO

INSERT INTO ZAWODNIK (NAZWISKO, IMIE,NUMER,WIEK,IDREPREZENTACJA)VALUES
	('Szczesny','Wojciech',1,32,1),
	('Cash','Matty',2,25,1),
	('Bereszynski','Bartosz',18,30,1),
	('Glik','Kamil',15,35,1),
	('Kiwior','Jakub',14,23,1),
	('Zalewski','Nicola',21,21,1),
	('Kaminski','Jakub',13,20,1),
	('Krychowiak','Grzegorz',10,33,1),
	('Szymanski','Sebastian',19,23,1),
	('Zielinski','Piotr',20,28,1),
	('Lewandowski','Robert',9,34,1),

	('Bielik','Krystian',6,25,1),
	('Frankowski','Przemys³aw',24,27,1),
	('Milik','Arkadiusz',1,29,1),
	('Piatek','Krzysztof',23,27,1),
	('Swiderski','Karol',16,26,1),
	('Skoras','Micha;l',26,23,1),
	('Jedrzejczyk','Lionel',3,35,1),



	('Ochoa','Guillermo',13,37,2),
	('Sanchez','Jorgen',19,25,2),
	('Montes','Cesar',3,26,2),
	('Moreno','Hector',15,35,2),
	('Gallardo','Jesus',23,28,2),
	('Alvarez','Edson',4,25,2),
	('Herrera','Hector',16,32,2),
	('Chavez','Luis',24,27,2),
	('Lozano','Hirving',22,27,2),
	('Martin','Henry',20,30,2),
	('Vega','Alexis',10,25,2),

	('Jimenez','Raul',9,31,2),
	('Rodriguez','Carlos',8,26,2),
	('Antuan','Uriel',21,25,2),

	('Alvarez','Kevin',26,34,2),
	('Gutirerrez','Erick',14,34,2),
	('Alvardo','Roberto',25,34,2),
	('Araujo','Nestor',2,34,2),
	('Guardado','Andreas',18,34,2),
	('Pineda','Orbelin',17,34,2),
	('Funes Mori','Rogelio',11,32,2),



	('Martinez','Emiliano',23,34,3),
	('Montiel','Gonzalo',4,34,3),
	('Otamendi','Nicolas',19,34,3),
	('Martinez','Lisandro',25,34,3),
	('Acuna','Marcos',8,34,3),
	('Mac Allister','Alexis',20,34,3),
	('Rodriguez','Guido',18,34,3),
	('de Paul','Rodrigo',7,34,3),
	('Di Maria','Angel',11,34,3),
	('Martinez','Lautaro',22,34,3),
	('Messi','Lionel',10,34,3),

	('Alvarez','Julian',9,34,3),
	('Fenrandez','Enzo',24,34,3),
	('Palacios','Exequiel',14,34,3),
	('Molina','Nahuel',26,34,3),
	('Romero','Cristian',13,34,3),
	('Paredes','Leandro',5,28,3),
	('Tagliafico','Nicolas',3,30,3),
	('Pezzella','German',6,31,3),
	('Almada','Thiago',16,21,3),
	('Papu','Gomez',17,35,3),

	('Al-Owais','Mohammed',21,31,4),
	('Al-Burayk','Mohammed',6,33,4),
	('Al-Boleahi','Ali',5,28,4),
	('Al-Amri','Abdulelah',4,26,4),
	('Abdulhamid','Saud',12,23,4),
	('Al-Malki','Abdulelah',8,28,4),
	('Al-Dawsari','Salem',10,31,4),
	('Kanno','Mohammed',23,28,4),
	('Al-Najei','Sami',16,26,4),
	('Al-Buraikan','Firas',9,22,4),
	('Al-Shehri','Saleh',11,29,4),

	('Al-Ghannam','Sultan',2,28,4),
	('Al-Dawsari','Nasser',24,24,4),
	('Al-Abed','Nawaf',18,30,4),
	('Bahebri','Hattan',19,30,4),
	('Alobud','Abdulrahman',20,27,4),

	('Al-Tambakti','Hassan',17,24,4),
	('Al-Hassan','Ali',15,26,4),
	('Sharahili','Riyadh',26,30,4),
	('Al-Faraj','Salman',7,33,4),
	('Al-Shahrani','Yasir',13,33,4),
	('Asiri','Haitham Mohammed',25,23,4)

GO

INSERT INTO MECZ(DATAW,GOSPODARZ_ID,GOSC_ID,BRAMKI_GOSP,BRAMKI_GOSC) VALUES
	('2022-11-22 17:00',2,1,0,0),
	('2022-11-22 11:00',3,4,1,2),
	('2022-11-26 14:00',1,4,2,0),
	('2022-11-26 20:00',3,2,2,0),
	('2022-11-30 20:00',3,1,2,0),
	('2022-11-30 20:00',4,2,1,2)


GO


INSERT INTO STATYZAW(IDMECZ, IDZAWODNIKA,OCENA) VALUES
		(1,2,6.8),
		(1,1,7.7),
		(1,3,6.4),
		(1,4,6.9),
		(1,5,6.8),
		(1,6,6.5),
		(1,7,6.7),
		(1,8,6.7),
		(1,9,6.8),
		(1,10,7.3),
		(1,11,6.9),
		(1,12,6.7),
		(1,13,6.8),
		(1,14,6.4),
		(3,2,6.8),
		(3,1,8.5),
		(3,3,6.8),
		(3,4,6.8),
		(3,5,6.4),
		(3,7,6.9),
		(3,8,7.1),
		(3,15,6.5),
		(3,10,7.0),
		(3,11,7.9),
		(3,12,7.1),
		(3,13,7.3),
		(3,14,6.4),
		(5,2,6.6),
		(5,1,8.4),
		(5,3,6.6),
		(5,4,6.5),
		(5,5,6.8),
		(5,7,6.1),
		(5,8,6.8),
		(5,9,6.4),
		(5,10,7.0),
		(5,11,6.3),
		(5,12,6.1),
		(5,13,6.7),
		(5,16,6.9),
		(5,15,6.5),
		(5,18,6.6),
		(5,17,6.7),
		(1,19,7.8),
		(1,20,6.5),
		(1,21,6.9),
		(1,22,6.3),
		(1,23,7.5),
		(1,24,7.1),
		(1,25,7.0),
		(1,26,7.3),
		(1,27,7.8),
		(1,28,6.4),
		(1,32,6.7),
		(1,30,6.6),
		(1,31,6.6),
		(1,29,6.8),
		(4,19,6),
		(4,33,6.3),
		(4,36,6.3),
		(4,21,6.7),
		(4,22,6.6),
		(4,23,6.1),
		(4,26,6.3),
		(4,37,6.7),
		(4,25,6.4),
		(4,27,6.4),
		(4,29,6.5),
		(4,35,6.3),
		(4,32,6.7),
		(4,34,6.4),
		(4,30,6.7),
		(6,19,6.7),
		(6,20,6.4),
		(6,21,7.5),
		(6,22,6.6),
		(6,23,6.7),
		(6,24,6.8),
		(6,26,8.3),
		(6,27,8.1),
		(6,38,6.8),
		(6,29,6.5),
		(6,28,7.5),
		(6,33,6.3),
		(6,32,6.8),
		(6,31,6.6),	
		(6,39,6.5),		
		(6,30,6.6),
		(2,61,7.6),
		(2,65,6.4),
		(2,77,6.9),
		(2,63,6.4),
		(2,81,7.1),
		(2,66,6.3),
		(2,70,6.9),
		(2,80,6.4),
		(2,68,6.8),
		(2,67,6.3),
		(2,71,7.2),
		(2,64,6.5),
		(2,72,6.3),
		(2,62,0),	
		(2,74,6.3),		
		
		(2,40,6.0),
		(2,57,6.4),
		(2,42,7.2),
		(2,55,6.7),
		(2,54,6.5),
		(2,60,6.7),
		(2,56,7.3),
		(2,47,6.8),
		(2,48,6.9),
		(2,49,6.6),
		(2,50,7.7),
		(2,43,6.9),
		(2,44,7.1),
		(2,52,6.8),	
		(2,51,6.8),		

		(3,61,6.3),
		(3,65,7.0),
		(3,64,6.9),
		(3,63,6.8),
		(3,62,6.8),
		(3,66,6.0),
		(3,70,6.6),
		(3,69,6.4),
		(3,68,7.3),
		(3,67,6.8),
		(3,71,7.1),
		(3,72,6.2),
		(3,73,6.9),
		(3,74,6.2),	
		(3,75,0),		
		(3,76,6.6),

		(6,61,8.3),
		(6,63,6.7),
		(6,77,6.5),
		(6,64,6.6),
		(6,72,6.4),
		(6,67,7.2),
		(6,65,6.5),
		(6,78,6.6),
		(6,70,6.2),
		(6,71,6.6),
		(6,79,6.5),
		(6,76,6.4),
		(6,75,7.1),

		(4,40,7.2),
		(4,44,7.1),
		(4,43,6.9),
		(4,42,7.4),
		(4,41,6.3),
		(4,45,7.0),
		(4,46,7.0),
		(4,47,6.6),
		(4,48,7.1),
		(4,49,6.6),
		(4,50,7.9),
		(4,55,6.6),
		(4,54,6.5),
		(4,53,6.4),	
		(4,52,7.4),		
		(4,51,6.6),

		(5,40,6.8),
		(5,54,7.6),
		(5,55,6.6),
		(5,42,7.3),
		(5,44,6.9),
		(5,47,7.1),
		(5,52,7.7),
		(5,45,8.2),
		(5,48,7.0),
		(5,51,6.7),
		(5,50,8.2),
		(5,58,6.5),
		(5,57,6.7),
		(5,59,6.9),	
		(5,56,6.9),		
		(5,49,6.2)

		UPDATE STATYZAW SET XG = 0.04, GOLE = 1 WHERE IDZAWODNIKA = 52 AND IDMECZ = 4
UPDATE STATYZAW SET XG = 0.11, GOLE = 1 WHERE IDZAWODNIKA = 50 AND IDMECZ = 4
UPDATE STATYZAW SET XG = 0.08 WHERE IDZAWODNIKA = 54 AND IDMECZ = 4
UPDATE STATYZAW SET XG = 0.08 WHERE IDZAWODNIKA = 49 AND IDMECZ = 4

UPDATE STATYZAW SET XG = 0.18 WHERE IDZAWODNIKA = 21 AND IDMECZ = 4
UPDATE STATYZAW SET XG = 0.06 WHERE IDZAWODNIKA = 29 AND IDMECZ = 4
UPDATE STATYZAW SET XG = 0.02  WHERE IDZAWODNIKA = 27 AND IDMECZ = 4


UPDATE STATYZAW SET XG = 0.03, GOLE=1 WHERE IDZAWODNIKA = 67 AND IDMECZ = 2
UPDATE STATYZAW SET XG = 0.06, GOLE=1  WHERE IDZAWODNIKA = 81 AND IDMECZ = 2
UPDATE STATYZAW SET XG = 0.06  WHERE IDZAWODNIKA = 74 AND IDMECZ = 2

UPDATE STATYZAW SET XG = 1.03, GOLE=1   WHERE IDZAWODNIKA = 50 AND IDMECZ = 2
UPDATE STATYZAW SET XG = 0.72  WHERE IDZAWODNIKA = 57 AND IDMECZ = 2
UPDATE STATYZAW SET XG = 0.11  WHERE IDZAWODNIKA = 49 AND IDMECZ = 2
UPDATE STATYZAW SET XG = 0.12  WHERE IDZAWODNIKA = 43 AND IDMECZ = 2
UPDATE STATYZAW SET XG = 0.04  WHERE IDZAWODNIKA = 51 AND IDMECZ = 2
UPDATE STATYZAW SET XG = 0.08  WHERE IDZAWODNIKA = 48 AND IDMECZ = 2
UPDATE STATYZAW SET XG = 0.03  WHERE IDZAWODNIKA = 42 AND IDMECZ = 2
UPDATE STATYZAW SET XG = 0.02  WHERE IDZAWODNIKA = 52 AND IDMECZ = 2
UPDATE STATYZAW SET XG = 0.08  WHERE IDZAWODNIKA = 47 AND IDMECZ = 2
UPDATE STATYZAW SET XG = 0.02  WHERE IDZAWODNIKA = 60 AND IDMECZ = 2

UPDATE STATYZAW SET XG = 0.02  WHERE IDZAWODNIKA = 17 AND IDMECZ = 5
UPDATE STATYZAW SET XG = 0.12  WHERE IDZAWODNIKA = 12 AND IDMECZ = 5
UPDATE STATYZAW SET XG = 0.18  WHERE IDZAWODNIKA = 4 AND IDMECZ = 5

UPDATE STATYZAW SET XG = 0.77, GOLE=1   WHERE IDZAWODNIKA = 51 AND IDMECZ = 5
UPDATE STATYZAW SET XG = 0.25  WHERE IDZAWODNIKA = 57 AND IDMECZ = 5
UPDATE STATYZAW SET XG = 0.23  WHERE IDZAWODNIKA = 49 AND IDMECZ = 5
UPDATE STATYZAW SET XG = 0.09  WHERE IDZAWODNIKA = 44 AND IDMECZ = 5
UPDATE STATYZAW SET XG = 1.23  WHERE IDZAWODNIKA = 50 AND IDMECZ = 5
UPDATE STATYZAW SET XG = 0.07  WHERE IDZAWODNIKA = 48 AND IDMECZ = 5
UPDATE STATYZAW SET XG = 0.03  WHERE IDZAWODNIKA = 52 AND IDMECZ = 5
UPDATE STATYZAW SET XG = 0.56  WHERE IDZAWODNIKA = 47 AND IDMECZ = 5
UPDATE STATYZAW SET XG = 0.33, GOLE=1   WHERE IDZAWODNIKA = 45 AND IDMECZ = 5


UPDATE STATYZAW SET XG = 0.02  WHERE IDZAWODNIKA = 8 AND IDMECZ = 1
UPDATE STATYZAW SET XG = 0.83  WHERE IDZAWODNIKA = 11 AND IDMECZ = 1
UPDATE STATYZAW SET XG = 0.03  WHERE IDZAWODNIKA = 5 AND IDMECZ = 1
UPDATE STATYZAW SET XG = 0.14  WHERE IDZAWODNIKA = 7 AND IDMECZ = 1


UPDATE STATYZAW SET XG = 0.18  WHERE IDZAWODNIKA = 22 AND IDMECZ = 1
UPDATE STATYZAW SET XG = 0.26  WHERE IDZAWODNIKA = 29 AND IDMECZ = 1
UPDATE STATYZAW SET XG = 0.02  WHERE IDZAWODNIKA = 20 AND IDMECZ = 1
UPDATE STATYZAW SET XG = 0.24  WHERE IDZAWODNIKA = 28 AND IDMECZ = 1
UPDATE STATYZAW SET XG = 0.04  WHERE IDZAWODNIKA = 32 AND IDMECZ = 1
UPDATE STATYZAW SET XG = 0.01  WHERE IDZAWODNIKA = 27 AND IDMECZ = 1
UPDATE STATYZAW SET XG = 0.01  WHERE IDZAWODNIKA = 26 AND IDMECZ = 1

UPDATE STATYZAW SET XG = 1.04 , GOLE = 1 WHERE IDZAWODNIKA = 11 AND IDMECZ = 3
UPDATE STATYZAW SET XG = 0.19, GOLE = 1  WHERE IDZAWODNIKA = 10 AND IDMECZ = 3
UPDATE STATYZAW SET XG = 0.25  WHERE IDZAWODNIKA = 14 AND IDMECZ = 3
UPDATE STATYZAW SET XG = 0.05  WHERE IDZAWODNIKA = 12 AND IDMECZ = 3
UPDATE STATYZAW SET XG = 0.03  WHERE IDZAWODNIKA = 15 AND IDMECZ = 3

UPDATE STATYZAW SET XG = 0.07  WHERE IDZAWODNIKA = 76 AND IDMECZ = 3
UPDATE STATYZAW SET XG = 1.07  WHERE IDZAWODNIKA = 67 AND IDMECZ = 3
UPDATE STATYZAW SET XG = 0.09  WHERE IDZAWODNIKA = 70 AND IDMECZ = 3
UPDATE STATYZAW SET XG = 0.36  WHERE IDZAWODNIKA = 62 AND IDMECZ = 3
UPDATE STATYZAW SET XG = 0.20  WHERE IDZAWODNIKA = 68 AND IDMECZ = 3
UPDATE STATYZAW SET XG = 0.12  WHERE IDZAWODNIKA = 66 AND IDMECZ = 3
UPDATE STATYZAW SET XG = 0.07  WHERE IDZAWODNIKA = 74 AND IDMECZ = 3
UPDATE STATYZAW SET XG = 0.02  WHERE IDZAWODNIKA = 65 AND IDMECZ = 3

UPDATE STATYZAW SET XG = 0.67, GOLE=1 WHERE IDZAWODNIKA = 67 AND IDMECZ = 6
UPDATE STATYZAW SET XG = 0.17  WHERE IDZAWODNIKA = 72 AND IDMECZ = 6
UPDATE STATYZAW SET XG = 0.09  WHERE IDZAWODNIKA = 75 AND IDMECZ = 6
UPDATE STATYZAW SET XG = 0.07  WHERE IDZAWODNIKA = 64 AND IDMECZ = 6
UPDATE STATYZAW SET XG = 0.07  WHERE IDZAWODNIKA = 78 AND IDMECZ = 6
UPDATE STATYZAW SET XG = 0.02  WHERE IDZAWODNIKA = 70 AND IDMECZ = 6
UPDATE STATYZAW SET XG = 0.02  WHERE IDZAWODNIKA = 71 AND IDMECZ = 6


UPDATE STATYZAW SET XG = 0.72, GOLE=1 WHERE IDZAWODNIKA = 28 AND IDMECZ = 6
UPDATE STATYZAW SET XG = 0.26, GOLE=1 WHERE IDZAWODNIKA = 26 AND IDMECZ = 6
UPDATE STATYZAW SET XG = 0.32  WHERE IDZAWODNIKA = 38 AND IDMECZ = 6
UPDATE STATYZAW SET XG = 0.11  WHERE IDZAWODNIKA = 32 AND IDMECZ = 6
UPDATE STATYZAW SET XG = 0.12  WHERE IDZAWODNIKA = 23 AND IDMECZ = 6
UPDATE STATYZAW SET XG = 0.52  WHERE IDZAWODNIKA = 29 AND IDMECZ = 6
UPDATE STATYZAW SET XG = 0.16  WHERE IDZAWODNIKA = 27 AND IDMECZ = 6
UPDATE STATYZAW SET XG = 0.07  WHERE IDZAWODNIKA = 39 AND IDMECZ = 6
UPDATE STATYZAW SET XG = 0.02  WHERE IDZAWODNIKA = 24 AND IDMECZ = 6


UPDATE STATYZAW SET MINUTY = 59 WHERE IDZAWODNIKA = 55 AND IDMECZ = 2
UPDATE STATYZAW SET MINUTY = 31 WHERE IDZAWODNIKA = 43 AND IDMECZ = 2
UPDATE STATYZAW SET MINUTY = 59 WHERE IDZAWODNIKA = 60 AND IDMECZ = 2
UPDATE STATYZAW SET MINUTY = 31 WHERE IDZAWODNIKA = 51 AND IDMECZ = 2
UPDATE STATYZAW SET MINUTY = 59 WHERE IDZAWODNIKA = 56 AND IDMECZ = 2
UPDATE STATYZAW SET MINUTY = 31 WHERE IDZAWODNIKA = 52 AND IDMECZ = 2
UPDATE STATYZAW SET MINUTY = 71 WHERE IDZAWODNIKA = 57 AND IDMECZ = 2
UPDATE STATYZAW SET MINUTY = 19 WHERE IDZAWODNIKA = 44 AND IDMECZ = 2

UPDATE STATYZAW SET MINUTY = 45 WHERE IDZAWODNIKA = 80 AND IDMECZ = 2
UPDATE STATYZAW SET MINUTY = 45 WHERE IDZAWODNIKA = 74 AND IDMECZ = 2
UPDATE STATYZAW SET MINUTY = 78 WHERE IDZAWODNIKA = 71 AND IDMECZ = 2
UPDATE STATYZAW SET MINUTY = 12 WHERE IDZAWODNIKA = 72 AND IDMECZ = 2
UPDATE STATYZAW SET MINUTY = 89 WHERE IDZAWODNIKA = 70 AND IDMECZ = 2
UPDATE STATYZAW SET MINUTY = 89 WHERE IDZAWODNIKA = 74 AND IDMECZ = 2
UPDATE STATYZAW SET MINUTY = 1 WHERE IDZAWODNIKA = 64 AND IDMECZ = 2

UPDATE STATYZAW SET MINUTY = 46 WHERE IDZAWODNIKA = 6 AND IDMECZ = 1
UPDATE STATYZAW SET MINUTY = 44 WHERE IDZAWODNIKA = 12 AND IDMECZ = 1
UPDATE STATYZAW SET MINUTY = 71 WHERE IDZAWODNIKA = 9 AND IDMECZ = 1
UPDATE STATYZAW SET MINUTY = 19 WHERE IDZAWODNIKA = 13 AND IDMECZ = 1
UPDATE STATYZAW SET MINUTY = 87 WHERE IDZAWODNIKA = 10 AND IDMECZ = 1
UPDATE STATYZAW SET MINUTY = 3 WHERE IDZAWODNIKA = 14 AND IDMECZ = 1


UPDATE STATYZAW SET MINUTY = 71 WHERE IDZAWODNIKA = 25 AND IDMECZ = 1
UPDATE STATYZAW SET MINUTY = 19 WHERE IDZAWODNIKA = 31 AND IDMECZ = 1
UPDATE STATYZAW SET MINUTY = 71 WHERE IDZAWODNIKA = 28 AND IDMECZ = 1
UPDATE STATYZAW SET MINUTY = 19 WHERE IDZAWODNIKA = 30 AND IDMECZ = 1
UPDATE STATYZAW SET MINUTY = 84 WHERE IDZAWODNIKA = 29 AND IDMECZ = 1
UPDATE STATYZAW SET MINUTY = 6 WHERE IDZAWODNIKA = 32 AND IDMECZ = 1


UPDATE STATYZAW SET MINUTY = 63 WHERE IDZAWODNIKA = 10 AND IDMECZ = 3
UPDATE STATYZAW SET MINUTY = 27 WHERE IDZAWODNIKA = 7 AND IDMECZ = 3
UPDATE STATYZAW SET MINUTY = 71 WHERE IDZAWODNIKA = 14 AND IDMECZ = 3
UPDATE STATYZAW SET MINUTY = 19 WHERE IDZAWODNIKA = 15 AND IDMECZ = 3

UPDATE STATYZAW SET MINUTY = 46 WHERE IDZAWODNIKA = 74 AND IDMECZ = 3
UPDATE STATYZAW SET MINUTY = 44 WHERE IDZAWODNIKA = 69 AND IDMECZ = 3
UPDATE STATYZAW SET MINUTY = 65 WHERE IDZAWODNIKA = 62 AND IDMECZ = 3
UPDATE STATYZAW SET MINUTY = 25 WHERE IDZAWODNIKA = 72 AND IDMECZ = 3
UPDATE STATYZAW SET MINUTY = 85 WHERE IDZAWODNIKA = 66 AND IDMECZ = 3
UPDATE STATYZAW SET MINUTY = 5 WHERE IDZAWODNIKA = 76 AND IDMECZ = 3
UPDATE STATYZAW SET MINUTY = 85 WHERE IDZAWODNIKA = 71 AND IDMECZ = 3
UPDATE STATYZAW SET MINUTY = 5 WHERE IDZAWODNIKA = 73 AND IDMECZ = 3


UPDATE STATYZAW SET MINUTY = 42 WHERE IDZAWODNIKA = 37 AND IDMECZ = 4
UPDATE STATYZAW SET MINUTY = 48 WHERE IDZAWODNIKA = 34 AND IDMECZ = 4
UPDATE STATYZAW SET MINUTY = 66 WHERE IDZAWODNIKA = 29 AND IDMECZ = 4
UPDATE STATYZAW SET MINUTY = 24 WHERE IDZAWODNIKA = 32 AND IDMECZ = 4
UPDATE STATYZAW SET MINUTY = 66 WHERE IDZAWODNIKA = 33 AND IDMECZ = 4
UPDATE STATYZAW SET MINUTY = 24 WHERE IDZAWODNIKA = 30 AND IDMECZ = 4
UPDATE STATYZAW SET MINUTY = 73 WHERE IDZAWODNIKA = 27 AND IDMECZ = 4
UPDATE STATYZAW SET MINUTY = 17 WHERE IDZAWODNIKA = 35 AND IDMECZ = 4

UPDATE STATYZAW SET MINUTY = 57 WHERE IDZAWODNIKA = 46 AND IDMECZ = 4
UPDATE STATYZAW SET MINUTY = 33 WHERE IDZAWODNIKA = 52 AND IDMECZ = 4
UPDATE STATYZAW SET MINUTY = 63 WHERE IDZAWODNIKA = 49 AND IDMECZ = 4
UPDATE STATYZAW SET MINUTY = 27 WHERE IDZAWODNIKA = 51 AND IDMECZ = 4
UPDATE STATYZAW SET MINUTY = 63 WHERE IDZAWODNIKA = 41 AND IDMECZ = 4
UPDATE STATYZAW SET MINUTY = 27 WHERE IDZAWODNIKA = 54 AND IDMECZ = 4
UPDATE STATYZAW SET MINUTY = 69 WHERE IDZAWODNIKA = 45 AND IDMECZ = 4
UPDATE STATYZAW SET MINUTY = 21 WHERE IDZAWODNIKA = 53 AND IDMECZ = 4
UPDATE STATYZAW SET MINUTY = 69 WHERE IDZAWODNIKA = 48 AND IDMECZ = 4
UPDATE STATYZAW SET MINUTY = 21 WHERE IDZAWODNIKA = 55 AND IDMECZ = 4


UPDATE STATYZAW SET MINUTY = 46 WHERE IDZAWODNIKA = 16 AND IDMECZ = 5
UPDATE STATYZAW SET MINUTY = 44 WHERE IDZAWODNIKA = 17 AND IDMECZ = 5
UPDATE STATYZAW SET MINUTY = 46 WHERE IDZAWODNIKA = 13 AND IDMECZ = 5
UPDATE STATYZAW SET MINUTY = 44 WHERE IDZAWODNIKA = 7 AND IDMECZ = 5
UPDATE STATYZAW SET MINUTY = 62 WHERE IDZAWODNIKA = 12 AND IDMECZ = 5
UPDATE STATYZAW SET MINUTY = 28 WHERE IDZAWODNIKA = 9 AND IDMECZ = 5
UPDATE STATYZAW SET MINUTY = 72 WHERE IDZAWODNIKA = 3 AND IDMECZ = 5
UPDATE STATYZAW SET MINUTY = 18 WHERE IDZAWODNIKA = 18 AND IDMECZ = 5
UPDATE STATYZAW SET MINUTY = 83 WHERE IDZAWODNIKA = 8 AND IDMECZ = 5
UPDATE STATYZAW SET MINUTY = 7 WHERE IDZAWODNIKA = 15 AND IDMECZ = 5

UPDATE STATYZAW SET MINUTY = 59 WHERE IDZAWODNIKA = 44 AND IDMECZ = 5
UPDATE STATYZAW SET MINUTY = 31 WHERE IDZAWODNIKA = 57 AND IDMECZ = 5
UPDATE STATYZAW SET MINUTY = 59 WHERE IDZAWODNIKA = 48 AND IDMECZ = 5
UPDATE STATYZAW SET MINUTY = 31 WHERE IDZAWODNIKA = 56 AND IDMECZ = 5
UPDATE STATYZAW SET MINUTY = 79 WHERE IDZAWODNIKA = 52 AND IDMECZ = 5
UPDATE STATYZAW SET MINUTY = 11 WHERE IDZAWODNIKA = 49 AND IDMECZ = 5
UPDATE STATYZAW SET MINUTY = 79 WHERE IDZAWODNIKA = 51 AND IDMECZ = 5
UPDATE STATYZAW SET MINUTY = 11 WHERE IDZAWODNIKA = 58 AND IDMECZ = 5
UPDATE STATYZAW SET MINUTY = 83 WHERE IDZAWODNIKA = 45 AND IDMECZ = 5
UPDATE STATYZAW SET MINUTY = 7 WHERE IDZAWODNIKA = 59 AND IDMECZ = 5


UPDATE STATYZAW SET MINUTY = 37 WHERE IDZAWODNIKA = 63 AND IDMECZ = 6
UPDATE STATYZAW SET MINUTY = 53 WHERE IDZAWODNIKA = 79 AND IDMECZ = 6

UPDATE STATYZAW SET MINUTY = 88 WHERE IDZAWODNIKA = 72 AND IDMECZ = 6
UPDATE STATYZAW SET MINUTY = 2 WHERE IDZAWODNIKA = 75 AND IDMECZ = 6


UPDATE STATYZAW SET MINUTY = 44 WHERE IDZAWODNIKA = 32 AND IDMECZ = 6
UPDATE STATYZAW SET MINUTY = 46 WHERE IDZAWODNIKA = 29 AND IDMECZ = 6
UPDATE STATYZAW SET MINUTY = 77 WHERE IDZAWODNIKA = 38 AND IDMECZ = 6
UPDATE STATYZAW SET MINUTY = 23 WHERE IDZAWODNIKA = 31 AND IDMECZ = 6
UPDATE STATYZAW SET MINUTY = 77 WHERE IDZAWODNIKA = 28 AND IDMECZ = 6
UPDATE STATYZAW SET MINUTY = 23 WHERE IDZAWODNIKA = 30 AND IDMECZ = 6
UPDATE STATYZAW SET MINUTY = 86 WHERE IDZAWODNIKA = 20 AND IDMECZ = 6
UPDATE STATYZAW SET MINUTY = 4 WHERE IDZAWODNIKA = 33 AND IDMECZ = 6
UPDATE STATYZAW SET MINUTY = 86 WHERE IDZAWODNIKA = 24 AND IDMECZ = 6
UPDATE STATYZAW SET MINUTY = 4 WHERE IDZAWODNIKA = 39 AND IDMECZ = 6

--SELECT * FROM REPREZENTACJA
--SELECT * FROM ZAWODNIK
--DROP TABLE STATYZAW
--DROP TABLE ZAWODNIK
--DROP TABLE MECZ
--SELECT * FROM STATYZAW


--SELECT * FROM STATYZAW

--USE BDProjekt

--SELECT * FROM ZAWODNIK
--WHERE NAZWISKO LIKE 'Al%'

--SELECT * FROM ZAWODNIK
--WHERE NAZWISKO LIKE 'Mon%'

--SELECT * FROM STATYZAW
--WHERE IDZAWODNIKA = '21'

UPDATE STATYZAW SET ASYSTY =1 WHERE IDDANE=24
UPDATE STATYZAW SET ASYSTY =1 WHERE IDDANE=156
UPDATE STATYZAW SET ASYSTY =1 WHERE IDDANE=158
UPDATE STATYZAW SET ASYSTY =1 WHERE IDDANE=165
UPDATE STATYZAW SET ASYSTY =1 WHERE IDDANE=170
UPDATE STATYZAW SET ASYSTY =1 WHERE IDDANE=147
UPDATE STATYZAW SET ASYSTY =1 WHERE IDDANE=95




